<?xml version="1.0" encoding="UTF-8"?>
<project-private xmlns="http://www.netbeans.org/ns/project-private/1">
    <editor-bookmarks xmlns="http://www.netbeans.org/ns/editor-bookmarks/2" lastBookmarkId="0"/>
    <open-files xmlns="http://www.netbeans.org/ns/projectui-open-files/2">
        <group>
            <file>file:/home/geek/NetBeansProjects/ojetTest/scripts/grunt/config/oraclejet-build.js</file>
            <file>file:/home/geek/NetBeansProjects/ojetTest/web/js/main.js</file>
            <file>file:/home/geek/NetBeansProjects/ojetTest/package.json</file>
        </group>
    </open-files>
</project-private>
